"Subscribers","Name","Link","Domain","Email"
"1730000","Learn Coding","https://www.youtube.com/channel/UCV7cZwHMX_0vk8DSYrS7GCg/about","programming coding","add email here"
"307000","Programming Hero","https://www.youtube.com/channel/UCStj-ORBZ7TGK1FwtGAUgbQ/about","programming coding","add email here"
"3440000","Programming with Mosh","https://www.youtube.com/channel/UCWv7vMbMWH4-V0ZXdmDpPBA/about","programming coding","add email here"
"4300000","CodeWithHarry","https://www.youtube.com/channel/UCeVMnSShP_Iviwkknt83cww/about","programming coding","add email here"
"1670000","ProgrammingKnowledge","https://www.youtube.com/channel/UCs6nmQViDpUw0nuIx9c_WvA/about","programming coding","add email here"
"57600","Coding for All | Newton School","https://www.youtube.com/channel/UCjcju-aD_ZcWxiXF5lvqntg/about","programming coding","add email here"
"1280000","Clever Programmer","https://www.youtube.com/channel/UCqrILQNl5Ed9Dz6CGMyvMTQ/about","programming coding","add email here"
"391000","Coding Ninjas","https://www.youtube.com/channel/UCZJlMUYdbtzQ8tVfLvK1KvQ/about","programming coding","add email here"
"3280","CoDing SeeKho(by Vikas Singh)","https://www.youtube.com/channel/UCKiaqToPffdbeSnsBhbPxrw/about","programming coding","add email here"
"416000","College Wallah","https://www.youtube.com/channel/UCDrf0V4fcBr5FlCtKwvpfwA/about","programming coding","add email here"
"1610000","The Coding Train","https://www.youtube.com/channel/UCvjgXvBlbQiydffZU7m1_aw/about","programming coding","add email here"
"250000","Coding with John","https://www.youtube.com/channel/UC42pOSNg804f1wCcj7qL0mA/about","programming coding","add email here"
"8110000","freeCodeCamp.org","https://www.youtube.com/channel/UC8butISFwT-Wl7EV0hUK0BQ/about","programming coding","add email here"
"1330000","Jenny's Lectures CS IT","https://www.youtube.com/channel/UCM-yUTYGmrNvKOCcAl21g3w/about","programming coding","add email here"
"231000","ProgrammingWithHarry","https://www.youtube.com/channel/UC7btqG2Ww0_2LwuQxpvo2HQ/about","programming coding","add email here"
"11500","KnowledgeGate Coding","https://www.youtube.com/channel/UC7uzuZJIYzcxV9JJ1yAtHHg/about","programming coding","add email here"
"94100","Simply Coding","https://www.youtube.com/channel/UCw8_nfV52c102E8A93E6MmA/about","programming coding","add email here"
"117000","Programiz","https://www.youtube.com/channel/UCREFp3D_n8JfcDonlm7Mpyw/about","programming coding","add email here"
"221000","CodingEntrepreneurs","https://www.youtube.com/channel/UCWEHue8kksIaktO8KTTN_zg/about","programming coding","add email here"
"1130000","Bro Code","https://www.youtube.com/channel/UC4SVo0Ue36XCfOyb5Lh1viQ/about","programming coding","add email here"
"397000","Coding with Lewis","https://www.youtube.com/channel/UCWI-ohtRu8eEeDj93hmUsUQ/about","programming coding","add email here"
"78300","Coding Math","https://www.youtube.com/channel/UCF6F8LdCSWlRwQm_hfA2bcQ/about","programming coding","add email here"
"42300","DP Education - Coding School","https://www.youtube.com/channel/UCPfyJ8ACV1DXh_6Yx68IxhA/about","programming coding","add email here"
"115000","Simplified Coding","https://www.youtube.com/channel/UC9YTuDeKzDoyOphWHtdK0jA/about","programming coding","add email here"
"143000","CodingWithMitch","https://www.youtube.com/channel/UCoNZZLhPuuRteu02rh7bzsw/about","programming coding","add email here"
"51500","The Coding Class - Yuvaraj Madha","https://www.youtube.com/channel/UCOS2iXNLbOv-Qleswx9yjeg/about","programming coding","add email here"
"1820","Coding Club IIT Guwahati ","https://www.youtube.com/channel/UCDnkfawOe_7OlNehxJ2TYdA/about","programming coding","add email here"
"13300","Coding Guidelines Tamil","https://www.youtube.com/channel/UC6GuiNXvegEcWein49GaTHw/about","programming coding","add email here"
"194000","Amulya's Academy","https://www.youtube.com/channel/UCIgXF0FrYJL0a6sMsRIsLvA/about","programming coding","add email here"
"242000","Coding in Flow","https://www.youtube.com/channel/UC_Fh8kvtkVPkeihBs42jGcA/about","programming coding","add email here"
"46200","Master Coding","https://www.youtube.com/channel/UCb0VX3DhuwYY21ZFqf8LSqQ/about","programming coding","add email here"
"1290000","Tech With Tim","https://www.youtube.com/channel/UC4JX40jDee_tINbkjycV4Sg/about","programming coding","add email here"
"230000","Tushar Roy - Coding Made Simple","https://www.youtube.com/channel/UCZLJf_R2sWyUtXSKiKlyvAw/about","programming coding","add email here"
"69600","Bangla Coding Tutor","https://www.youtube.com/channel/UCV5URA_JA027GZ6xWS31Ksw/about","programming coding","add email here"
"80100","R Programming 101","https://www.youtube.com/channel/UCfJyQ3P2k_SuqfxVdqIEQNw/about","programming coding","add email here"
"40600","Sigma Coding","https://www.youtube.com/channel/UCBsTB02yO0QGwtlfiv5m25Q/about","programming coding","add email here"
"39400","Coding Simplified","https://www.youtube.com/channel/UCnC0QFWfAHL1XwjJoDk60GA/about","programming coding","add email here"
"2660000","thenewboston","https://www.youtube.com/channel/UCJbPGzawDH1njbqV-D5HqKw/about","programming coding","add email here"
"293000","Giraffe Academy","https://www.youtube.com/channel/UCvmINlrza7JHB1zkIOuXEbw/about","programming coding","add email here"
"27000","Coding 4 Kids","https://www.youtube.com/channel/UCqaQ-Y55fXGE03ABIaQ3O-g/about","programming coding","add email here"
"2980","Coding Is Thinking","https://www.youtube.com/channel/UCLQ6dq0A236iSCkBqvrDv7Q/about","programming coding","add email here"
"727000","mycodeschool","https://www.youtube.com/channel/UClEEsT7DkdVO_fkrBw0OTrA/about","programming coding","add email here"
"56400","Coding With Tea","https://www.youtube.com/channel/UCnKhcV7frITmrYbIU5MrMZw/about","programming coding","add email here"
"5590","Competitive Coding - Newton School","https://www.youtube.com/channel/UC_bf9wBdT14H-KvYsXqakDQ/about","programming coding","add email here"
"832000","MySirG.com","https://www.youtube.com/channel/UCkGS_3D0HEzfflFnG0bD24A/about","programming coding","add email here"
"9540","Coding Cart","https://www.youtube.com/channel/UCj98X_6ZxT9Xcx7NO0ECXZw/about","programming coding","add email here"
"143","Coding with programmer","https://www.youtube.com/channel/UCxm4LJEpwQQboELwMbmhtVA/about","programming coding","add email here"
"339000","Nick White","https://www.youtube.com/channel/UC1fLEeYICmo3O9cUsqIi7HA/about","programming coding","add email here"
"381000","Code with Ania Kubów","https://www.youtube.com/channel/UC5DNytAJ6_FISueUfzZCVsw/about","programming coding","add email here"
"41","RP Programming Coding","https://www.youtube.com/channel/UCP-L8YCpw78lkWolSVTpaqQ/about","programming coding","add email here""Subscribers","Name","Link","Domain","Email"
"1730000","Learn Coding","https://www.youtube.com/channel/UCV7cZwHMX_0vk8DSYrS7GCg/about","programming coding","add email here"
"307000","Programming Hero","https://www.youtube.com/channel/UCStj-ORBZ7TGK1FwtGAUgbQ/about","programming coding","add email here"
"3440000","Programming with Mosh","https://www.youtube.com/channel/UCWv7vMbMWH4-V0ZXdmDpPBA/about","programming coding","add email here"
"4300000","CodeWithHarry","https://www.youtube.com/channel/UCeVMnSShP_Iviwkknt83cww/about","programming coding","add email here"
"1670000","ProgrammingKnowledge","https://www.youtube.com/channel/UCs6nmQViDpUw0nuIx9c_WvA/about","programming coding","add email here"
"57600","Coding for All | Newton School","https://www.youtube.com/channel/UCjcju-aD_ZcWxiXF5lvqntg/about","programming coding","add email here"
"1280000","Clever Programmer","https://www.youtube.com/channel/UCqrILQNl5Ed9Dz6CGMyvMTQ/about","programming coding","add email here"
"391000","Coding Ninjas","https://www.youtube.com/channel/UCZJlMUYdbtzQ8tVfLvK1KvQ/about","programming coding","add email here"
"3280","CoDing SeeKho(by Vikas Singh)","https://www.youtube.com/channel/UCKiaqToPffdbeSnsBhbPxrw/about","programming coding","add email here"
"416000","College Wallah","https://www.youtube.com/channel/UCDrf0V4fcBr5FlCtKwvpfwA/about","programming coding","add email here"
"1610000","The Coding Train","https://www.youtube.com/channel/UCvjgXvBlbQiydffZU7m1_aw/about","programming coding","add email here"
"250000","Coding with John","https://www.youtube.com/channel/UC42pOSNg804f1wCcj7qL0mA/about","programming coding","add email here"
"8110000","freeCodeCamp.org","https://www.youtube.com/channel/UC8butISFwT-Wl7EV0hUK0BQ/about","programming coding","add email here"
"1330000","Jenny's Lectures CS IT","https://www.youtube.com/channel/UCM-yUTYGmrNvKOCcAl21g3w/about","programming coding","add email here"
"231000","ProgrammingWithHarry","https://www.youtube.com/channel/UC7btqG2Ww0_2LwuQxpvo2HQ/about","programming coding","add email here"
"11500","KnowledgeGate Coding","https://www.youtube.com/channel/UC7uzuZJIYzcxV9JJ1yAtHHg/about","programming coding","add email here"
"94100","Simply Coding","https://www.youtube.com/channel/UCw8_nfV52c102E8A93E6MmA/about","programming coding","add email here"
"117000","Programiz","https://www.youtube.com/channel/UCREFp3D_n8JfcDonlm7Mpyw/about","programming coding","add email here"
"221000","CodingEntrepreneurs","https://www.youtube.com/channel/UCWEHue8kksIaktO8KTTN_zg/about","programming coding","add email here"
"1130000","Bro Code","https://www.youtube.com/channel/UC4SVo0Ue36XCfOyb5Lh1viQ/about","programming coding","add email here"
"397000","Coding with Lewis","https://www.youtube.com/channel/UCWI-ohtRu8eEeDj93hmUsUQ/about","programming coding","add email here"
"78300","Coding Math","https://www.youtube.com/channel/UCF6F8LdCSWlRwQm_hfA2bcQ/about","programming coding","add email here"
"42300","DP Education - Coding School","https://www.youtube.com/channel/UCPfyJ8ACV1DXh_6Yx68IxhA/about","programming coding","add email here"
"115000","Simplified Coding","https://www.youtube.com/channel/UC9YTuDeKzDoyOphWHtdK0jA/about","programming coding","add email here"
"143000","CodingWithMitch","https://www.youtube.com/channel/UCoNZZLhPuuRteu02rh7bzsw/about","programming coding","add email here"
"51500","The Coding Class - Yuvaraj Madha","https://www.youtube.com/channel/UCOS2iXNLbOv-Qleswx9yjeg/about","programming coding","add email here"
"1820","Coding Club IIT Guwahati ","https://www.youtube.com/channel/UCDnkfawOe_7OlNehxJ2TYdA/about","programming coding","add email here"
"13300","Coding Guidelines Tamil","https://www.youtube.com/channel/UC6GuiNXvegEcWein49GaTHw/about","programming coding","add email here"
"194000","Amulya's Academy","https://www.youtube.com/channel/UCIgXF0FrYJL0a6sMsRIsLvA/about","programming coding","add email here"
"242000","Coding in Flow","https://www.youtube.com/channel/UC_Fh8kvtkVPkeihBs42jGcA/about","programming coding","add email here"
"46200","Master Coding","https://www.youtube.com/channel/UCb0VX3DhuwYY21ZFqf8LSqQ/about","programming coding","add email here"
"1290000","Tech With Tim","https://www.youtube.com/channel/UC4JX40jDee_tINbkjycV4Sg/about","programming coding","add email here"
"230000","Tushar Roy - Coding Made Simple","https://www.youtube.com/channel/UCZLJf_R2sWyUtXSKiKlyvAw/about","programming coding","add email here"
"69600","Bangla Coding Tutor","https://www.youtube.com/channel/UCV5URA_JA027GZ6xWS31Ksw/about","programming coding","add email here"
"80100","R Programming 101","https://www.youtube.com/channel/UCfJyQ3P2k_SuqfxVdqIEQNw/about","programming coding","add email here"
"40600","Sigma Coding","https://www.youtube.com/channel/UCBsTB02yO0QGwtlfiv5m25Q/about","programming coding","add email here"
"39400","Coding Simplified","https://www.youtube.com/channel/UCnC0QFWfAHL1XwjJoDk60GA/about","programming coding","add email here"
"2660000","thenewboston","https://www.youtube.com/channel/UCJbPGzawDH1njbqV-D5HqKw/about","programming coding","add email here"
"293000","Giraffe Academy","https://www.youtube.com/channel/UCvmINlrza7JHB1zkIOuXEbw/about","programming coding","add email here"
"27000","Coding 4 Kids","https://www.youtube.com/channel/UCqaQ-Y55fXGE03ABIaQ3O-g/about","programming coding","add email here"
"2980","Coding Is Thinking","https://www.youtube.com/channel/UCLQ6dq0A236iSCkBqvrDv7Q/about","programming coding","add email here"
"727000","mycodeschool","https://www.youtube.com/channel/UClEEsT7DkdVO_fkrBw0OTrA/about","programming coding","add email here"
"56400","Coding With Tea","https://www.youtube.com/channel/UCnKhcV7frITmrYbIU5MrMZw/about","programming coding","add email here"
"5590","Competitive Coding - Newton School","https://www.youtube.com/channel/UC_bf9wBdT14H-KvYsXqakDQ/about","programming coding","add email here"
"832000","MySirG.com","https://www.youtube.com/channel/UCkGS_3D0HEzfflFnG0bD24A/about","programming coding","add email here"
"9540","Coding Cart","https://www.youtube.com/channel/UCj98X_6ZxT9Xcx7NO0ECXZw/about","programming coding","add email here"
"143","Coding with programmer","https://www.youtube.com/channel/UCxm4LJEpwQQboELwMbmhtVA/about","programming coding","add email here"
"339000","Nick White","https://www.youtube.com/channel/UC1fLEeYICmo3O9cUsqIi7HA/about","programming coding","add email here"
"381000","Code with Ania Kubów","https://www.youtube.com/channel/UC5DNytAJ6_FISueUfzZCVsw/about","programming coding","add email here"
"41","RP Programming Coding","https://www.youtube.com/channel/UCP-L8YCpw78lkWolSVTpaqQ/about","programming coding","add email here""Subscribers","Name","Link","Domain","Email"
"361","Coding With Shahid Qureshi","https://www.youtube.com/channel/UCnfUysQjWN9OBnTjzixJAZg/about","programming coding","add email here"
"2070000","Telusko","https://www.youtube.com/channel/UC59K-uG2A5ogwIrHw4bmlEg/about","programming coding","add email here"
"2330000","Fireship","https://www.youtube.com/channel/UCsBjURrPoezykLs9EqgamOA/about","programming coding","add email here"
"132000","Jacob Sorber","https://www.youtube.com/channel/UCwd5VFu4KoJNjkWJZMFJGHQ/about","programming coding","add email here"
"8000","Hopscotch: Creative Coding","https://www.youtube.com/channel/UC-6Hx9uqY8pOiZR1M5OK09A/about","programming coding","add email here"
"370000","Alex Lee","https://www.youtube.com/channel/UC_fFL5jgoCOrwAVoM_fBYwA/about","programming coding","add email here"
"41400","The Coding Interview","https://www.youtube.com/channel/UCM5ldu3IonPjffpYSnSYYJA/about","programming coding","add email here"
"1910000","CS Dojo","https://www.youtube.com/channel/UCxX9wt5FWQUAAz4UrysqK9A/about","programming coding","add email here"
"75200","Coding Is Fun","https://www.youtube.com/channel/UCZjRcM1ukeciMZ7_fvzsezQ/about","programming coding","add email here"
"1140","Best Coding By Asim","https://www.youtube.com/channel/UCyMxqMipBZYNqRj8WH2bJqQ/about","programming coding","add email here"
"77600","CodeBabes","https://www.youtube.com/channel/UCVg4DAiKW5WgPKKbQAJ89MA/about","programming coding","add email here"
"37200","Coding With Dawid","https://www.youtube.com/channel/UC-4YvDoWlOI1RK25ItIJ77A/about","programming coding","add email here"
"70700","TheCodex","https://www.youtube.com/channel/UCDD0bZ4NS6AayT-VLMmILHg/about","programming coding","add email here"
"15900","Coding 101","https://www.youtube.com/channel/UCSxIcr2rZZcoU7rSGXaEQag/about","programming coding","add email here"
"27700","BELAJAR CODING OTODIDAK","https://www.youtube.com/channel/UCr4mGHeYYFShV2bhQrav-OQ/about","programming coding","add email here"
"61100","Raw Coding","https://www.youtube.com/channel/UCP_jWxjn__YXmo4iU7Low0g/about","programming coding","add email here"
"1290","Coding ID","https://www.youtube.com/channel/UC8GMM6COyeN_12OEgA5wxRQ/about","programming coding","add email here"
"16800","Coding BeTounsi","https://www.youtube.com/channel/UCnOE4c4ta1eFyY5H9S5eY2w/about","programming coding","add email here"
"560000","Caleb Curry","https://www.youtube.com/channel/UCZUyPT9DkJWmS_DzdOi7RIA/about","programming coding","add email here"
"35800","Coding With Chris","https://www.youtube.com/channel/UCPIvBdOsV6VPpzXsAmWN89w/about","programming coding","add email here"
"16800","Coding With Karthik","https://www.youtube.com/channel/UCTbKSzEamYTYYY_c2yH1fEA/about","programming coding","add email here"
"1150000","Sebastian Lague","https://www.youtube.com/channel/UCmtyQOKKmrMVaKuRXz02jbQ/about","programming coding","add email here"
"22400","Coding With Russ","https://www.youtube.com/channel/UCPrRY0S-VzekrJK7I7F4-Mg/about","programming coding","add email here"
"192000","Rachit Jain","https://www.youtube.com/channel/UC9fDC_eBh9e_bogw87DbGKQ/about","programming coding","add email here"
"1180000","The Net Ninja","https://www.youtube.com/channel/UCW5YeuERMmlnqo4oq8vwUpg/about","programming coding","add email here"
"219000","Learn Code With Durgesh","https://www.youtube.com/channel/UC-Gn7EgShAINFthjuzxi9PQ/about","programming coding","add email here"
"38000","Coding Wallah Sir","https://www.youtube.com/channel/UC2EF2l4DhSG3PVBXVyQhHfA/about","programming coding","add email here"
"385000","Aaron Jack","https://www.youtube.com/channel/UCRLEADhMcb8WUdnQ5_Alk7g/about","programming coding","add email here"
"51800","Josh tried coding","https://www.youtube.com/channel/UCvGwM5woTl13I-qThI4YMCg/about","programming coding","add email here"
"4040000","Apna College","https://www.youtube.com/channel/UCBwmMxybNva6P_5VmxjzwqA/about","programming coding","add email here"
"6490","CodeMonkey - Coding Games for Kids","https://www.youtube.com/channel/UC1JLRsmlny2Sy9pGClYbFqg/about","programming coding","add email here"
"1120","CODING THE BRAINS","https://www.youtube.com/channel/UCDN2Gubf2EsHhnEw7sqD2uw/about","programming coding","add email here"
"12200","Coding With Muhib","https://www.youtube.com/channel/UCw7HsJmGF6Du7Lo3QnddvnA/about","programming coding","add email here"
"102000","Coding Secrets","https://www.youtube.com/channel/UCkY047vYjF92-8HcoVTXAOg/about","programming coding","add email here"
"299000","Keep On Coding","https://www.youtube.com/channel/UCsLo154Krjwhoz8W00N8ItA/about","programming coding","add email here"
"63800","Coding Shuttle by Anuj Bhaiya","https://www.youtube.com/channel/UCuTa8evA9UsVvJzEkCtogvg/about","programming coding","add email here"
"9150","kp coding","https://www.youtube.com/channel/UCrLzeTLxTmXdpC9m12p6ixQ/about","programming coding","add email here"
"365000","Treehouse","https://www.youtube.com/channel/UCqHktcPJV7C7T3e9Cg4T4iw/about","programming coding","add email here"
"17500","Coding Girl","https://www.youtube.com/channel/UClcioJjtFDB0shnRhxsUjog/about","programming coding","add email here"
"270000","griffpatch","https://www.youtube.com/channel/UCawsI_mlmPA7Cfld-qZhBQA/about","programming coding","add email here"
"290","Coding with Pritam","https://www.youtube.com/channel/UCeR8oXPZiuuWwlMXnemePVQ/about","programming coding","add email here"
"97600","Sheryians Coding School","https://www.youtube.com/channel/UCc7gpqMnnOSbU_F2-5MVVZw/about","programming coding","add email here"
"614","Rajan's Coding and Programming","https://www.youtube.com/channel/UCfPHdzg644Yaop7iafD2E_A/about","programming coding","add email here"
"18600","Coding Homework","https://www.youtube.com/channel/UC-MfnwB7hvcrqq8W2jDLEtA/about","programming coding","add email here"
"1030","Coding in Ranchi","https://www.youtube.com/channel/UCCd9m3Z6n0Rm1_v7-r2W71g/about","programming coding","add email here"
"462000","ForrestKnight","https://www.youtube.com/channel/UC2WHjPDvbE6O328n17ZGcfg/about","programming coding","add email here"
"1250000","Derek Banas","https://www.youtube.com/channel/UCwRXb5dUK4cvsHbx-rGzSgw/about","programming coding","add email here"
"132000","Coding Garden","https://www.youtube.com/channel/UCLNgu_OupwoeESgtab33CCw/about","programming coding","add email here"
"122000","Coding Blocks","https://www.youtube.com/channel/UCICWIYEx2mo4wYZzLwJ7wVw/about","programming coding","add email here"
"785","Coding Delivery","https://www.youtube.com/channel/UCG2nSEAhSl7oUclXDIf9Hrg/about","programming coding","add email here""Subscribers","Name","Link","Domain","Email"
"365000","Treehouse","https://www.youtube.com/channel/UCqHktcPJV7C7T3e9Cg4T4iw/about","programming coding","add email here"
"17500","Coding Girl","https://www.youtube.com/channel/UClcioJjtFDB0shnRhxsUjog/about","programming coding","add email here"
"270000","griffpatch","https://www.youtube.com/channel/UCawsI_mlmPA7Cfld-qZhBQA/about","programming coding","add email here"
"290","Coding with Pritam","https://www.youtube.com/channel/UCeR8oXPZiuuWwlMXnemePVQ/about","programming coding","add email here"
"97600","Sheryians Coding School","https://www.youtube.com/channel/UCc7gpqMnnOSbU_F2-5MVVZw/about","programming coding","add email here"
"18600","Coding Homework","https://www.youtube.com/channel/UC-MfnwB7hvcrqq8W2jDLEtA/about","programming coding","add email here"
"1030","Coding in Ranchi","https://www.youtube.com/channel/UCCd9m3Z6n0Rm1_v7-r2W71g/about","programming coding","add email here"
"462000","ForrestKnight","https://www.youtube.com/channel/UC2WHjPDvbE6O328n17ZGcfg/about","programming coding","add email here"
"9","PROGRAMMING CODING COMPUTER WALLA","https://www.youtube.com/channel/UC7ybrbHYCnKcaJlKgHXwjdw/about","programming coding","add email here"
"1250000","Derek Banas","https://www.youtube.com/channel/UCwRXb5dUK4cvsHbx-rGzSgw/about","programming coding","add email here"
"122000","Coding Blocks","https://www.youtube.com/channel/UCICWIYEx2mo4wYZzLwJ7wVw/about","programming coding","add email here"
"785","Coding Delivery","https://www.youtube.com/channel/UCG2nSEAhSl7oUclXDIf9Hrg/about","programming coding","add email here"
"34600","JAVAAID - Coding Interview Preparation","https://www.youtube.com/channel/UCx1hbK753l3WhwXP5r93eYA/about","programming coding","add email here"
"341000","Andy Sterkowitz","https://www.youtube.com/channel/UCZ9qFEC82qM6Pk-54Q4TVWA/about","programming coding","add email here"
"13700","Coding Chat","https://www.youtube.com/channel/UCY_MqdSiOcwOwQKytRtuHaQ/about","programming coding","add email here"
"499","Learnology Coding","https://www.youtube.com/channel/UCEvRlC_FUYmCWE3_mvpoVHQ/about","programming coding","add email here"
"259","Joy of Coding","https://www.youtube.com/channel/UC26p3I1nr9F8G2WboH1SfTA/about","programming coding","add email here"
"563000","CodeWithChris","https://www.youtube.com/channel/UC2D6eRvCeMtcF5OGHf1-trw/about","programming coding","add email here"
"5050","amplifyabhi coding","https://www.youtube.com/channel/UCWCLzrDi9TVkAsE-l4ZAHVQ/about","programming coding","add email here"
"31900","Coding with Hadi","https://www.youtube.com/channel/UCTGDYkqUtgCelc6G09LUm6w/about","programming coding","add email here"
"2460","Da Coding","https://www.youtube.com/channel/UCqiVOEPnifwQVjo2PB65J9A/about","programming coding","add email here"
"3200","gaspar coding","https://www.youtube.com/channel/UCZuX-Kym22t5Crh1zGBqMVw/about","programming coding","add email here"
"237000","CodeBeauty","https://www.youtube.com/channel/UCl5-BV9aRaeDVohpE4sqJiQ/about","programming coding","add email here"
"704","Coding Gyaan","https://www.youtube.com/channel/UC5oIwDfAsOwQsr-wmto1t0g/about","programming coding","add email here"
"3710","Coding For Everyone","https://www.youtube.com/channel/UCm7E3p3jnSOfZqjyCRzOl2w/about","programming coding","add email here"
"2220000","Joma Tech","https://www.youtube.com/channel/UCV0qA-eDDICsRR9rPcnG7tw/about","programming coding","add email here"
"224000","Simple Snippets","https://www.youtube.com/channel/UCRIWTSgd7hGtZhx4RYoASEg/about","programming coding","add email here"
"555","The Coding Teacher","https://www.youtube.com/channel/UCPbWkXshrZghR5W7kF7s0mg/about","programming coding","add email here"
"1460","Coding house","https://www.youtube.com/channel/UC2lx44cTIZNB9zHGX1PArSQ/about","programming coding","add email here"
"252000","PIRATE KING","https://www.youtube.com/channel/UCjHNoM9djdk-_xkAUOEowZA/about","programming coding","add email here"
"60800","RoadsideCoder","https://www.youtube.com/channel/UCIPZVAwDGa-A4ZJxCBvXRuQ/about","programming coding","add email here"
"13500","Coding Blocks Junior","https://www.youtube.com/channel/UC8lf0KIoz_PMaYCDx4q0pDA/about","programming coding","add email here"
"47500","Coding with Basir","https://www.youtube.com/channel/UC2xRE4hUCQ3xO3ymEtMh1Hw/about","programming coding","add email here"
"731000","Coding Tech","https://www.youtube.com/channel/UCtxCXg-UvSnTKPOzLH4wJaQ/about","programming coding","add email here"
"812","Coding Club - NIT Silchar","https://www.youtube.com/channel/UClrofbBzWEfTWKQS1oqO_-A/about","programming coding","add email here"
"15100","Complete Coding","https://www.youtube.com/channel/UC8uBP0Un18DJAnWjm1CPqBg/about","programming coding","add email here"
"431000","Devon Crawford","https://www.youtube.com/channel/UCDrekHmOnkptxq3gUU0IyfA/about","programming coding","add email here"
"2","Coding Brains","https://www.youtube.com/channel/UCvHSKQqavOmuJwd340UdNgw/about","programming coding","add email here"
"14200","Coding Arena","https://www.youtube.com/channel/UCv5hBnMW_k3ZGRE1a0cVNAw/about","programming coding","add email here"
"65500","Coding Artist","https://www.youtube.com/channel/UC15exV5s79D_aYGADudlwpQ/about","programming coding","add email here"
"2750","Coding is Love","https://www.youtube.com/channel/UCnn10Z2fFVFkda7DlFYJSrA/about","programming coding","add email here"
"3010000","Code Bullet","https://www.youtube.com/channel/UC0e3QhIYukixgh5VVpKHH9Q/about","programming coding","add email here"
"9720","Project Coding","https://www.youtube.com/channel/UCevXQ32guKS_d9hyf4LdfoQ/about","programming coding","add email here"
"888","Apna Tuition Coding","https://www.youtube.com/channel/UCoiUoen3b4khcjyqGD4j5QQ/about","programming coding","add email here"
"1390","Coding Desk","https://www.youtube.com/channel/UCBwhRlc9XilDn12V9AhAWWQ/about","programming coding","add email here"
"437","Coding Share","https://www.youtube.com/channel/UC6ZjZ8mLa3jmNue3opD3ypQ/about","programming coding","add email here"
"12100","Coding Xpertz","https://www.youtube.com/channel/UCJjRq6J-UOLn7ltie_f9TnA/about","programming coding","add email here"
"253","Techguru Abhinav's Coding Classes","https://www.youtube.com/channel/UC0E9_kADKbDteXTRZfjENQA/about","programming coding","add email here"
"480","Happy Coding Tamil","https://www.youtube.com/channel/UC5T47MuTNZQROtLwz-dS0dw/about","programming coding","add email here"