37200,Indian App Developer,https://www.youtube.com/channel/UCvXwILbn5Azwo6hkm68EVlA/about,Mobile App Development,add email here
17600,Mobile Web Application Development Education,https://www.youtube.com/channel/UCSfDr2cC-cQVBEmYN5V4nIA/about,Mobile App Development,add email here
10700,Cleveroad ‚Äî Web and Mobile App Development,https://www.youtube.com/channel/UCFNHnq1sEtLiy0YCRHG2Vaw/about,Mobile App Development,add email here
39100,FlutterFlow,https://www.youtube.com/channel/UC5LueiosDVInA6yXE_38i9Q/about,Mobile App Development,add email here
52400,AppSheet,https://www.youtube.com/channel/UC7xYEO2O_VZWyvctU0LQp8g/about,Mobile App Development,add email here
11400,AppDevNotes,https://www.youtube.com/channel/UCEs0Rbf3M4M76bavm4d_big/about,Mobile App Development,add email here
1170000,Android Developers,https://www.youtube.com/channel/UCVHFbqXqoYvEWM1Ddxl0QDg/about,Mobile App Development,add email here
15500,Krishna Raghavendran,https://www.youtube.com/channel/UCA8oel6DIBhMD0yCGD_YDNw/about,Mobile App Development,add email here
12700,goobar,https://www.youtube.com/channel/UCVysWoMPvvHQMEJvRkslbAQ/about,Mobile App Development,add email here
44600,Jubayer Hossain,https://www.youtube.com/channel/UCU6Y5MJHnJ-GUG4k3EL6c1Q/about,Mobile App Development,add email here"Subscribers,Name,Link,Domain,Email
6680,Build Apps With Paulo,https://www.youtube.com/channel/UCRLjpe5AoIUvO4_AwSQEMug/about,Mobile App Development,add email here
6330,Bravo Studio,https://www.youtube.com/channel/UCnvkRrYqR0qw1_EAGg9QVbg/about,Mobile App Development,add email here
12700,Technic Dude,https://www.youtube.com/channel/UC4M4mrKDDJoK5gocuCwet8w/about,Mobile App Development,add email here
44500,Thunkable,https://www.youtube.com/channel/UCTVZRyybOCDBL2zLXSeQVsw/about,Mobile App Development,add email here
11200,Square Developer,https://www.youtube.com/channel/UC1N2X6PEMGo2xjJY1Pm0vng/about,Mobile App Development,add email here
37400,Overpass Apps,https://www.youtube.com/channel/UCqdoJlow7frlcx3aB74nX_A/about,Mobile App Development,add email here
29200,Aauraparti,https://www.youtube.com/channel/UCG7RljVfRVg9R53dUui9tsQ/about,Mobile App Development,add email here
34100,WB Web Development Solutions,https://www.youtube.com/channel/UCDsEHTvh-YO80AZna7X7UVA/about,Mobile App Development,add email here
143000,CodingWithMitch,https://www.youtube.com/channel/UCoNZZLhPuuRteu02rh7bzsw/about,Mobile App Development,add email here"Subscribers,Name,Link,Domain,Email
13200,Mobile Application Tutorials,https://www.youtube.com/channel/UC4jh7YBBb0UnPIef2NOSJhQ/about,Mobile App Development,add email here
5240,Courses by iBrent,https://www.youtube.com/channel/UCAkGwLiEYrTGCGLVS4_wVdg/about,Mobile App Development,add email here
24200,Muhammad Ali Mughal,https://www.youtube.com/channel/UCIp6Gs5oDdxf9yVzA5G-Qvw/about,Mobile App Development,add email here
114000,EDMT Dev,https://www.youtube.com/channel/UCllewj2bGdqB8U9Ld15INAg/about,Mobile App Development,add email here
12400,DEVELOPER WORLD,https://www.youtube.com/channel/UCF55BJk1oz0XWlPDS2N-Rbg/about,Mobile App Development,add email here
69900,Xamarin Developers,https://www.youtube.com/channel/UCe-f02uZgEXdHmHpC3loAQg/about,Mobile App Development,add email here
6700,Let Create An App,https://www.youtube.com/channel/UCpQolt7_Rrp-hNbS2huWP0g/about,Mobile App Development,add email here
17100,EasyLearn,https://www.youtube.com/channel/UCqYG3ak0mWlcPS35PqEcv3Q/about,Mobile App Development,add email here
5140,Adrian Ching,https://www.youtube.com/channel/UCQ-qAkbIkqjLVcpKueHbtBQ/about,Mobile App Development,add email here"Subscribers,Name,Link,Domain,Email
34200,TECHIE BLOSSOM,https://www.youtube.com/channel/UC3wqIkiaOUpO6EjJoCwH6_Q/about,Mobile App Development,add email here
7360,Bug Ninza,https://www.youtube.com/channel/UCLTAVHeuoOyc4aFIA1o6Xyg/about,Mobile App Development,add email here
40900,DJ Malone,https://www.youtube.com/channel/UCi3r7qQejDD-joRZCvso-Bg/about,Mobile App Development,add email here
48200,Technical Skillz,https://www.youtube.com/channel/UCsvSL8rTWXUz6shbyxStmQQ/about,Mobile App Development,add email here
15000,Mahmud Ahsan,https://www.youtube.com/channel/UCtHlgyUw0wLE5Ous9swfFlg/about,Mobile App Development,add email here
75500,Brian Advent,https://www.youtube.com/channel/UCysEngjfeIYapEER9K8aikw/about,Mobile App Development,add email here
18600,Learn App Code,https://www.youtube.com/channel/UChMjpXwPFzK6x82qz-R_TEQ/about,Mobile App Development,add email here
46200,Master Coding,https://www.youtube.com/channel/UCb0VX3DhuwYY21ZFqf8LSqQ/about,Mobile App Development,add email here
11300,Code Pro,https://www.youtube.com/channel/UCLbjUgzAH_8lNQ9vlStdGdg/about,Mobile App Development,add email here
41700,CodeX,https://www.youtube.com/channel/UCQ00Ywz-ygK-yHzKluEsABA/about,Mobile App Development,add email here
27500,SmallAcademy,https://www.youtube.com/channel/UCR1t5eSmLxLUdBnK2XwZOuw/about,Mobile App Development,add email here
42500,DP Education - Coding School,https://www.youtube.com/channel/UCPfyJ8ACV1DXh_6Yx68IxhA/about,Mobile App Development,add email here
8650,Indian Coders,https://www.youtube.com/channel/UCaKqU7lmR4wQ5Bj9F9E9i_Q/about,Mobile App Development,add email here
54800,MIT App Inventor,https://www.youtube.com/channel/UCGJVKvMbiNP5ou2yz0FdVWw/about,Mobile App Development,add email here
22500,Alamin Karno,https://www.youtube.com/channel/UCRPf1pnGzcMFdYE29gZblNw/about,Mobile App Development,add email here
16700,Oum Saokosal,https://www.youtube.com/channel/UCAyftOCC5eq1rbbs7lS_bLg/about,Mobile App Development,add email here
9540,Practical Coding,https://www.youtube.com/channel/UCKxXHJeif-1Z8ZGewy4jm9g/about,Mobile App Development,add email here
5240,Code Swag,https://www.youtube.com/channel/UCNqICCv46r3o4sRlmzStfVQ/about,Mobile App Development,add email here
5760,IntelliLogics,https://www.youtube.com/channel/UCokYj8bHbymNmPLf0aXvaaQ/about,Mobile App Development,add email here"Subscribers,Name,Link,Domain,Email
19800,AppsGeyser,https://www.youtube.com/channel/UCLEr8ccBCfPVV_MylmzI_Lg/about,Mobile App Development,add email here
338000,Brototype Malayalam,https://www.youtube.com/channel/UCoGHeFY7jE2OB_TJS_87MOA/about,Mobile App Development,add email here
10500,Aditya Thakur,https://www.youtube.com/channel/UChCAJNpMwoEUYCsE_eSyU4w/about,Mobile App Development,add email here
201000,SHAREit,https://www.youtube.com/channel/UCYsaH9q0aZu-tWjhIr8hsrg/about,Mobile App Development,add email here
11700,Filip Vujovic,https://www.youtube.com/channel/UC51giEqIrRD1rFmCLoraHLw/about,Mobile App Development,add email here
39800,Ionic,https://www.youtube.com/channel/UChYheBnVeCfhCmqZfCUdJQw/about,Mobile App Development,add email here
7050,Eduardo Rosas,https://www.youtube.com/channel/UCAnKfIlgg2-wsJ3MmQ3CxLQ/about,Mobile App Development,add email here
563000,CodeWithChris,https://www.youtube.com/channel/UC2D6eRvCeMtcF5OGHf1-trw/about,Mobile App Development,add email here
30500,Afgprogrammer,https://www.youtube.com/channel/UCuXm84E6yWF0dIKmwvwc9sQ/about,Mobile App Development,add email here
14000,StoneRiverElearning,https://www.youtube.com/channel/UC5x2kCPGgvh_B5jAQmdPnaQ/about,Mobile App Development,add email here
25400,Delaroy Studios,https://www.youtube.com/channel/UCZ00VgbuL3218mXA0_drptg/about,Mobile App Development,add email here
1370000,Web Dev Simplified,https://www.youtube.com/channel/UCFbNIlppjAuEX4znoulh0Cw/about,Mobile App Development,add email here
10900,Bram Vanbilsen,https://www.youtube.com/channel/UCqibwXKXYPpnPuo5xg5l2xA/about,Mobile App Development,add email here
18900,Matt Heaney Apps,https://www.youtube.com/channel/UCQkn7EImMp5sHtFbALgYrsA/about,Mobile App Development,add email here
173000,Cuberto Design,https://www.youtube.com/channel/UCzestFrXpwSGCfcbO2pObwQ/about,Mobile App Development,add email here
95300,iOS Academy,https://www.youtube.com/channel/UCnksRRifsSCGUZpQukUKAyg/about,Mobile App Development,add email here"Subscribers,Name,Link,Domain,Email
47000,CMDev,https://www.youtube.com/channel/UCkgnZDuS9fM951TpyBTkNPg/about,Mobile App Development,add email here
15400,Yogesh Patel,https://www.youtube.com/channel/UCvtOhkUpvgvZcFWntgW0VMw/about,Mobile App Development,add email here
61200,Cheezy Code,https://www.youtube.com/channel/UCOknqk-MSOCf3SANW8Wumfg/about,Mobile App Development,add email here
16400,Akshit Madan,https://www.youtube.com/channel/UCBlphb6_k7X1P28OCYXMsWg/about,Mobile App Development,add email here
22500,Codetutor,https://www.youtube.com/channel/UC3xHg20VI9mKFRaSs1yaicw/about,Mobile App Development,add email here
21900,Joe Rock,https://www.youtube.com/channel/UCFH-Tn6ggt9yLWJ4V9NizZA/about,Mobile App Development,add email here
6670,Online tech Support,https://www.youtube.com/channel/UCFzwsEkSQb_5QPq0EHJzfsQ/about,Mobile App Development,add email here"Subscribers,Name,Link,Domain,Email
5210,thelowcodeshow,https://www.youtube.com/channel/UChMljr5p8qEekQvS8Bkj_1w/about,Mobile App Development,add email here
17200,ZinoTrust Academy,https://www.youtube.com/channel/UClXxZm-GQr4S-NsHGIXgg4Q/about,Mobile App Development,add email here
357000,Firebase,https://www.youtube.com/channel/UCP4bf6IHJJQehibu6ai__cg/about,Mobile App Development,add email here
9800,Tech Developer,https://www.youtube.com/channel/UCUrJbmdbw5-Jteuu8y-IT7w/about,Mobile App Development,add email here
10000,Google Workspace Developers,https://www.youtube.com/channel/UCUcg6az6etU_gRtZVAhBXaw/about,Mobile App Development,add email here
8510,Sandip Bhattacharya,https://www.youtube.com/channel/UC8s8KHsiNGi4VZD1JoLyS-Q/about,Mobile App Development,add email here
37500,ARSL Tech,https://www.youtube.com/channel/UCB2B0AuQgk6eOMbWR7qiqew/about,Mobile App Development,add email here
56400,Coding With Tea,https://www.youtube.com/channel/UCnKhcV7frITmrYbIU5MrMZw/about,Mobile App Development,add email here
17400,Atif Pervaiz,https://www.youtube.com/channel/UCT132T980-1lhm0hcZFy4ZA/about,Mobile App Development,add email here
5930000,sanjiv kumar,https://www.youtube.com/channel/UCyLplL7WIPsy1qdv8MSmDJw/about,Mobile App Development,add email here
53400,Rabbil Hasan,https://www.youtube.com/channel/UCSMFY8_rooijS-Zv43tKCrQ/about,Mobile App Development,add email here"Subscribers,Name,Link,Domain,Email
12700,CodeAndroid,https://www.youtube.com/channel/UCMvagHKkUlt3t_E4KxwQXXQ/about,Mobile App Development,add email here"Subscribers,Name,Link,Domain,Email
8220,Oracle Mobile Platform,https://www.youtube.com/channel/UCthp1MYQ4Opi0Ph_xCm1rpA/about,Mobile App Development,add email here
9080,Muhammad Umair Ahmad,https://www.youtube.com/channel/UC_BRc7pmfHaPioFiv7nhN0g/about,Mobile App Development,add email here
14600,Appery. io,https://www.youtube.com/channel/UCayFmK1XdzkXiKLWA-j4wKA/about,Mobile App Development,add email here
12800,Stanford iOS,https://www.youtube.com/channel/UCYVp6suz7ztKAKY8jpfACXA/about,Mobile App Development,add email here"Subscribers,Name,Link,Domain,Email
7240,Best Apps Builder,https://www.youtube.com/channel/UCdU2oRttxLIQ12r6CoX9L3w/about,Mobile App Development,add email here
17600,Fullstack Development,https://www.youtube.com/channel/UCNpIE11a9nLW_s2GUWmksqw/about,Mobile App Development,add email here
5440,Swift Tutorials,https://www.youtube.com/channel/UC8UlXXAlPiBsV-rKvMh_T0g/about,Mobile App Development,add email here
7640,Ethiopian Computer Science Club,https://www.youtube.com/channel/UCzCWmPjG6jYtR-2z7Lz8Wnw/about,Mobile App Development,add email here
12800,Chandu 4ever,https://www.youtube.com/channel/UCI-dW0Davn-yEwcr2z5bAhw/about,Mobile App Development,add email here
232000,Lama Dev,https://www.youtube.com/channel/UCOxWrX5MIdXIeRNaXC3sqIg/about,Mobile App Development,add email here
13600,Code Cat,https://www.youtube.com/channel/UCZoxAmodHJeSNxH7D6IqUMw/about,Mobile App Development,add email here"Subscribers,Name,Link,Domain,Email
32500,Tech Academy,https://www.youtube.com/channel/UCGp1zoGrCqT54f32L6tGgqg/about,Mobile App Development,add email here
17600,Mobile Mass Appeal,https://www.youtube.com/channel/UC2gjdrESiDQMN8PWeLhD3ug/about,Mobile App Development,add email here
135000,Irfan Malik,https://www.youtube.com/channel/UCKc0J2A7znmiFwIjXUvmdvw/about,Mobile App Development,add email here
10400,Giri's Tech Hub Pvt. Ltd. Pune.,https://www.youtube.com/channel/UCt4gPu9kWVFQucNixJwU4kg/about,Mobile App Development,add email here
417000,College Wallah,https://www.youtube.com/channel/UCDrf0V4fcBr5FlCtKwvpfwA/about,Mobile App Development,add email here
785000,Phoenix Academy Wardha Nitesh Karale '‡§™‡•Å‡§£‡•á‡§∞‡•Ä ‡§™‡•Ö‡§ü‡§∞‡•ç‡§® ',https://www.youtube.com/channel/UC2hVHyEU3alXMf2oUwUonoA/about,Mobile App Development,add email here
79400,notJust‚Ä§dev,https://www.youtube.com/channel/UCYSa_YLoJokZAwHhlwJntIA/about,Mobile App Development,add email here"Subscribers,Name,Link,Domain,Email
6020,Magnus Academy,https://www.youtube.com/channel/UCg3mnhsln8CKfW5jfD2Byvg/about,Mobile App Development,add email here
8260,Androstock Dev,https://www.youtube.com/channel/UC5MYFJE_Cj3NgSTZHexeJYg/about,Mobile App Development,add email here
13500,Wasp Mobile,https://www.youtube.com/channel/UCmpnFLTkbJft5iPx4N5mlow/about,Mobile App Development,add email here"Subscribers,Name,Link,Domain,Email
11600,ChalakMian Technologies,https://www.youtube.com/channel/UCDNVWxsqTwJ-sfXU74XpAug/about,Mobile App Development,add email here
22100,Johnny Manson,https://www.youtube.com/channel/UCBBAW5Va0alUBpmW3XfCT7Q/about,Mobile App Development,add email here
70900,Target Gurukul,https://www.youtube.com/channel/UCl8uHux8RIuhe0IA3-24-jg/about,Mobile App Development,add email here
31400,Flutter Community,https://www.youtube.com/channel/UCNUzIz3TsiHSbgn_66kLIww/about,Mobile App Development,add email here
5830,Isuru S Ranmohotti,https://www.youtube.com/channel/UCgVU45s6t8SG9kElTOromLQ/about,Mobile App Development,add email here
17900,AppSheet Training,https://www.youtube.com/channel/UCpUqfy0-plYV7OAno2Hohug/about,Mobile App Development,add email here
191000,Competition Community,https://www.youtube.com/channel/UC_9QnEUEf3Wmw-kpwUJdTlg/about,Mobile App Development,add email here
503000,Flutter,https://www.youtube.com/channel/UCwXdFgeE9KYzlDdR7TG9cMw/about,Mobile App Development,add email here
1010000,Doubtnut Learn and Fun Class 10,https://www.youtube.com/channel/UCA6yXuFkfkauFBQN3bQjGsg/about,Mobile App Development,add email here
88800,ÿßŸÑŸÖÿ∑Ÿàÿ±ŸàŸÜ ŸÅŸä ÿßŸÑÿπÿßŸÑŸÖ ÿßŸÑÿπÿ±ÿ®Ÿä - DevMENA,https://www.youtube.com/channel/UC4Yf0L-AWUIMnf1Kp3TqwSw/about,Mobile App Development,add email here"Subscribers,Name,Link,Domain,Email
8110,Scythe Dev Team,https://www.youtube.com/channel/UCRCWsmp3S4RqRRLRvoS-iKQ/about,Mobile App Development,add email here
49400,TSL Tarun Saini Lectures Nursing Officer Coaching,https://www.youtube.com/channel/UCblkLfWoQ5SLbjJPCz-0L1Q/about,Mobile App Development,add email here
10700000,Al Jazeera English,https://www.youtube.com/channel/UCNye-wNBqNL5ZzHSJj3l8Bg/about,Mobile App Development,add email here
2380000,SACHIN ACADEMY,https://www.youtube.com/channel/UC7Pb8pDlwmU8UvEx2Q6K5GA/about,Mobile App Development,add email here
16400000,Narendra Modi,https://www.youtube.com/channel/UC1NF71EwP41VdjAU1iXdLkw/about,Mobile App Development,add email here
560000,Malviya Academy ,https://www.youtube.com/channel/UCp8qsMmzox7vFvUJyPuVr5A/about,Mobile App Development,add email here
105000,C 4 Yourself,https://www.youtube.com/channel/UC9aI61j2OtICfHK7UX-L_6A/about,Mobile App Development,add email here
324000,EduTap - Regulatory Bodies Examinations,https://www.youtube.com/channel/UCizCPxaSpFEsBuyDIxKIR-Q/about,Mobile App Development,add email here
5740,Polash Creation,https://www.youtube.com/channel/UC3U-3VHBfjzci7xsVnD9zZA/about,Mobile App Development,add email here
550000,Dr. Mukesh Pancholi ,https://www.youtube.com/channel/UCUDITpItvGut0YKJjOn81pg/about,Mobile App Development,add email here
29500,Spider Academy,https://www.youtube.com/channel/UCNCbfxHhb10iFSNRLLwPO9Q/about,Mobile App Development,add email here
6380000,SSC Adda247,https://www.youtube.com/channel/UCAyYBPzFioHUxvVZEn4rMJA/about,Mobile App Development,add email here
1150000,NVIDIA,https://www.youtube.com/channel/UCHuiy8bXnmK5nisYHUd1J5g/about,Mobile App Development,add email here
15600000,Linus Tech Tips,https://www.youtube.com/channel/UCXuqSBlHAE6Xw-yeJA0Tunw/about,Mobile App Development,add email here
668000,Zee Salaam,https://www.youtube.com/channel/UCkSllUpc8cedRe85JkqLiBQ/about,Mobile App Development,add email here
265000,Achievers Academy NISHA SHARMA,https://www.youtube.com/channel/UCaMMR5rYM2P-BLtxQyIOSxA/about,Mobile App Development,add email here
542000,MIRROR NOW,https://www.youtube.com/channel/UCWCEYVwSqr7Epo6sSCfUgiw/about,Mobile App Development,add email here
1920000,ETV Telangana,https://www.youtube.com/channel/UC6ickpgDIsltU_-8CbZaksQ/about,Mobile App Development,add email here
54500000,LooLoo Kids - Nursery Rhymes and Children's Songs,https://www.youtube.com/channel/UC4NALVCmcmL5ntpV0thoH6w/about,Mobile App Development,add email here
985000,NTVUganda,https://www.youtube.com/channel/UCwga1dPCqBddbtq5KYRii2g/about,Mobile App Development,add email here
345000,KBC Channel 1,https://www.youtube.com/channel/UCypNjM5hP1qcUqQZe57jNfg/about,Mobile App Development,add email here
149000,Career Guidance ASHWIN,https://www.youtube.com/channel/UCXyoXlYa_QkdE4yG59N0Wog/about,Mobile App Development,add email here
3480000,LoL Esports,https://www.youtube.com/channel/UCvqRdlKsE5Q8mf8YXbdIJLw/about,Mobile App Development,add email here
135000,DD Bangla,https://www.youtube.com/channel/UClcW8Lfj5zE67tvsQ27lb_g/about,Mobile App Development,add email here"Subscribers,Name,Link,Domain,Email
8630,ExportKit,https://www.youtube.com/channel/UCREU7e9E2luuV03DWDWlutg/about,Design Figma Adobe XD CSS,add email here
13500,Coen,https://www.youtube.com/channel/UCIJ90NbSOUZnh0Q-z2NZnBw/about,Design Figma Adobe XD CSS,add email here
135000,Punit Chawla,https://www.youtube.com/channel/UCkfdb6tUwVoGXPPzY7H6hUg/about,Design Figma Adobe XD CSS,add email here
20800,AM Design,https://www.youtube.com/channel/UCDDbr6k_AbXfGVMIjJLCZ1g/about,Design Figma Adobe XD CSS,add email here
15300,Daniel Snows,https://www.youtube.com/channel/UCfDenO9v3NpxzE32hAdW36Q/about,Design Figma Adobe XD CSS,add email here
207000,Caler Edwards,https://www.youtube.com/channel/UCfzOLBT7jyHFcaTgwmnttog/about,Design Figma Adobe XD CSS,add email here
13500,ZitAcademy,https://www.youtube.com/channel/UCJSlJdxrawYs-M23jueFTeQ/about,Design Figma Adobe XD CSS,add email here
499000,Bring Your Own Laptop,https://www.youtube.com/channel/UCHZ-NWzcaa4lFT9NjP4T4pg/about,Design Figma Adobe XD CSS,add email here"Subscribers,Name,Link,Domain,Email
24900,Ehab Fayez,https://www.youtube.com/channel/UC3e_3CyLWZUR-dQQ5QhwXyQ/about,Design Figma Adobe XD CSS,add email here
133000,Chief of Design,https://www.youtube.com/channel/UCuhnfwz33VjDh9hUS-Nzb4w/about,Design Figma Adobe XD CSS,add email here
5270,smashtheshell,https://www.youtube.com/channel/UCcPt0Jg_yRZcPSYwOPORE6g/about,Design Figma Adobe XD CSS,add email here
58300,Ahmad Sekmani,https://www.youtube.com/channel/UC1B5ofDUrYUgVfh_HGDcV1g/about,Design Figma Adobe XD CSS,add email here"Subscribers,Name,Link,Domain,Email
57500,Mark Lassoff,https://www.youtube.com/channel/UCkg_xpBf5gMSnBZx8uRG-yg/about,Design Figma Adobe XD CSS,add email here
6780,Imtiaz Ahmed Qazi,https://www.youtube.com/channel/UCklcK4ri0FSUVari1xj4LMQ/about,Design Figma Adobe XD CSS,add email here
6450,Tech TeeRex BD,https://www.youtube.com/channel/UCdEx-8DbhrKISSP1OqDh89A/about,Design Figma Adobe XD CSS,add email here"Subscribers,Name,Link,Domain,Email
419000,Figma,https://www.youtube.com/channel/UCQsVmhSa4X-G3lHlUtejzLA/about,Design Figma,add email here
137000,Mizko,https://www.youtube.com/channel/UCZJkZy008cQjqkJeKpJu8tA/about,Design Figma,add email here
249000,DesignCode,https://www.youtube.com/channel/UCTIhfOopxukTIRkbXJ3kN-g/about,Design Figma,add email here
90900,Design Pilot,https://www.youtube.com/channel/UCt0L4zh1nkUKz36L8PsgCGw/about,Design Figma,add email here
269000,DesignSense,https://www.youtube.com/channel/UCK3KESgQlmEBJ5DnRxWJ9oA/about,Design Figma,add email here
15500,Akash Yadav,https://www.youtube.com/channel/UCX5bxgvtsGxDH9KtZbgRMuw/about,Design Figma,add email here
51000,Building Amazing Things,https://www.youtube.com/channel/UCbVPTU8fv7e0EjGeQFbIsJA/about,Design Figma,add email here
64500,Graphics Guruji,https://www.youtube.com/channel/UCtTzug2OmaFcd2-lqqNPKnA/about,Design Figma,add email here
37800,Design Xstream,https://www.youtube.com/channel/UCcINZu4wMXboMrF5qRFwPcw/about,Design Figma,add email here
658000,Flux Academy,https://www.youtube.com/channel/UCN7dywl5wDxTu1RM3eJ_h9Q/about,Design Figma,add email here
108000,Ansh Mehra,https://www.youtube.com/channel/UCZknyXD-6tETm9aN8GQCi8g/about,Design Figma,add email here
237000,Nikhil Pawar,https://www.youtube.com/channel/UCtgXJy0Ndynm-6U8ruA_WKg/about,Design Figma,add email here
27700,NAM Design,https://www.youtube.com/channel/UC-OiZsEK7DXeHBNAUbT8tgg/about,Design Figma,add email here
342000,AJ&Smart,https://www.youtube.com/channel/UCeB_OpLspKJGiKv1CYkWFFw/about,Design Figma,add email here
328000,Jesse Showalter,https://www.youtube.com/channel/UCvBGFeXbBrq3W9_0oNLJREQ/about,Design Figma,add email here
6580,Javier Alaves,https://www.youtube.com/channel/UCuJybHI5rYKMU01OpMulx9Q/about,Design Figma,add email here
6920,Hypermatic Figma Tutorials,https://www.youtube.com/channel/UCK4EHLeqGq9sqYGW3i6i7Wg/about,Design Figma,add email here
7120,Udayraj Sathe,https://www.youtube.com/channel/UCTtEgDR2pmUCky4P24uwNFQ/about,Design Figma,add email here
36200,Tim Gabe,https://www.youtube.com/channel/UC8WLg9gshrtZA1-swL5D9Kg/about,Design Figma,add email here
113000,Buff Tutorial  ‡Æ§‡ÆÆ‡Æø‡Æ¥‡Øç,https://www.youtube.com/channel/UC0jAjZQ24EnIgrQbrgNQRwQ/about,Design Figma,add email here
23100,Ïó∞Ï†ï's Figma,https://www.youtube.com/channel/UCXCKPZOlZzp5JSEwOsuT9kg/about,Design Figma,add email here
7140,Harshil Designer,https://www.youtube.com/channel/UCrQoQQ1xRTAm37ouTAB5Chg/about,Design Figma,add email here
8950,Ender Topaloƒülu,https://www.youtube.com/channel/UCKXhwQGT2ie0Q4dEa8G2P7Q/about,Design Figma,add email here
36500,ABNUX,https://www.youtube.com/channel/UCOuiO3_-SBxnZ7-zAVSsShw/about,Design Figma,add email here
143000,Alexey Bychkov: –≤–µ–±-–¥–∏–∑–∞–π–Ω –∏ —Ñ—Ä–∏–ª–∞–Ω—Å,https://www.youtube.com/channel/UCClA4EqjQMGyYR2-TIuHwQw/about,Design Figma,add email here
10600,Anima App,https://www.youtube.com/channel/UCXqr0Ca-b73rU9zcpSBJ5cw/about,Design Figma,add email here
57200,Saptarshi Prakash,https://www.youtube.com/channel/UCtAoItAnNOJYf8XqnERy50w/about,Design Figma,add email here
23800,Igor Vensko Tutorials,https://www.youtube.com/channel/UC0yhMlbuY4GdG8rDhFH1KnQ/about,Design Figma,add email here
12700,JessUI Design,https://www.youtube.com/channel/UCxYGJ6GQpu--u8s9ovWX57Q/about,Design Figma,add email here
25300,FEUX¬Æ- AI & DESIGN,https://www.youtube.com/channel/UCh8bdcUQ2yuExkmbK5p52zQ/about,Design Figma,add email here
27600,Maddy Beard,https://www.youtube.com/channel/UC3rrVMySQYfkOhQ-qSjnghw/about,Design Figma,add email here
22600,kaorumap,https://www.youtube.com/channel/UCfvcHnCTQu6sO6PNX0SVetg/about,Design Figma,add email here"Subscribers,Name,Link,Domain,Email
222000,CharliMarieTV,https://www.youtube.com/channel/UCScRSwdX0t31gjk3MYXIuYQ/about,Design Figma,add email here
14900,Relume,https://www.youtube.com/channel/UC36lpnNYIg_c81NOLGhoxLA/about,Design Figma,add email here
16900,„Ç´„Ç§„ÇØ„É≥-„Éá„Ç∂„Ç§„É≥Ëß£Ë™¨@BONO,https://www.youtube.com/channel/UCghPjck_LzxNMs2tI4PPYlQ/about,Design Figma,add email here
9110,Ra√∫l Mar√≠n - Figma training,https://www.youtube.com/channel/UCk5x2DjtQq46lwbA4xBicfQ/about,Design Figma,add email here
29900,Alvaro Souza,https://www.youtube.com/channel/UCHxCFXrPpdR8Zce3N7QdZeg/about,Design Figma,add email here
5630,Lucas Marte - UI & UX Design / Developer,https://www.youtube.com/channel/UCuagy6KJKRqdutB7EJvJ4TQ/about,Design Figma,add email here
25000,LEARNUXID,https://www.youtube.com/channel/UC3pljZkQkXA-Oted07G6FxA/about,Design Figma,add email here
6320,moonlearning,https://www.youtube.com/channel/UCmTt7kStdo99sC4WlFvqHQw/about,Design Figma,add email here
5910,Tutorial Tim,https://www.youtube.com/channel/UCTGmiyXawbVmFJjpiYSw0Gw/about,Design Figma,add email here
55800,Pelfizz Studio,https://www.youtube.com/channel/UCBtOICuNcp3GhWhOfdsdWbQ/about,Design Figma,add email here
7460,Create Beautiful Things,https://www.youtube.com/channel/UCFPE0k8NdqaJP5R9_oAcGEQ/about,Design Figma,add email here
28200,Gabriel Silvestri,https://www.youtube.com/channel/UCq76xfkglZDz2JBBjjd8SlQ/about,Design Figma,add email here
19600,MDS,https://www.youtube.com/channel/UCYMKd37bdxI-qj3f3z6U6_g/about,Design Figma,add email here
9900,Wired to Design,https://www.youtube.com/channel/UC6S99cItv3AL293ngIXC5aQ/about,Design Figma,add email here
5980,Nh√¢n L∆∞u,https://www.youtube.com/channel/UCeOmorkM9aopfHdj_GOnywA/about,Design Figma,add email here
7950,Thefemijohn,https://www.youtube.com/channel/UCTKRfbD1m-58HeV8Lyyg7fg/about,Design Figma,add email here
181000,Rino - LivingWithPixels,https://www.youtube.com/channel/UC4rBpJF855RQuO8PrUVb68g/about,Design Figma,add email here
12900,DESIGNR,https://www.youtube.com/channel/UCeQQklNaSdEeQCtWhwUmLVA/about,Design Figma,add email here
27700,BuildWithAngga,https://www.youtube.com/channel/UCrCqB6_uGWECG-Fns1ArhFA/about,Design Figma,add email here
6970,Mickadoule,https://www.youtube.com/channel/UC4fQ-aeh7WIzZVMN1vpLFrw/about,Design Figma,add email here
86600,Basti Ui,https://www.youtube.com/channel/UCnnIP34CpT7nIBZS5KuuhbA/about,Design Figma,add email here
97800,Mas KukuhAldy,https://www.youtube.com/channel/UCPsiGShlFrvb8PPya0fEFtQ/about,Design Figma,add email here"Subscribers,Name,Link,Domain,Email
43700,Angela Design,https://www.youtube.com/channel/UC_TjoSnaI3CTgIgmSn3rruA/about,Design Figma,add email here
53700,DesignerUp,https://www.youtube.com/channel/UCw2R8kz3aotYtV9utqf0uaw/about,Design Figma,add email here
1060000,DesignCourse,https://www.youtube.com/channel/UCVyRiMvfUNMA1UPlDPzG5Ow/about,Design Figma,add email here
30200,FIGMA Knowledge Base,https://www.youtube.com/channel/UC2CxhKWBwL-9Yyt8aylejcw/about,Design Figma,add email here
112000,Malewicz,https://www.youtube.com/channel/UC_Dq0oUEi7uXhdUX8prunbw/about,Design Figma,add email here
7920,Into Design Systems,https://www.youtube.com/channel/UCLVaU9sKd2vDfbmbQUM5p6g/about,Design Figma,add email here
8350,Build UX,https://www.youtube.com/channel/UCHTt4tr25_wdGiJQcKD8wzA/about,Design Figma,add email here
10600,aspira design,https://www.youtube.com/channel/UCVQXfLKRF2l6iSqWt_XDhNQ/about,Design Figma,add email here"Subscribers,Name,Link,Domain,Email
107000,Sketch Together,https://www.youtube.com/channel/UCZHkx_OyRXHb1D3XTqOidRw/about,Design Figma,add email here
159000,chunbuns,https://www.youtube.com/channel/UClYfiU4L1Ry7R6sgpZ_F9PQ/about,Design Figma,add email here
10700,Karol Stefa≈Ñski,https://www.youtube.com/channel/UCKQiFRz_VpifLWsMQM2hyjA/about,Design Figma,add email here
100000,Sofya Filippova,https://www.youtube.com/channel/UC3HdUGm4Pnx15phSE0CRbGQ/about,Design Figma,add email here
23400,Dicas Visuais,https://www.youtube.com/channel/UCB4UjIo8FpeuB0APQF2WgEQ/about,Design Figma,add email here
67200,Minh Pham,https://www.youtube.com/channel/UCH3pHnzD1AiSbazIw1maVFg/about,Design Figma,add email here
44400,WebDesignGeek,https://www.youtube.com/channel/UCdQmV99xDtQprgNxlKdpk0w/about,Design Figma,add email here
26900,Caff√® Design,https://www.youtube.com/channel/UC6njEey49emrxFSzxPoKwFg/about,Design Figma,add email here
16300,Sardor Qodirov,https://www.youtube.com/channel/UCb07xW5U8dR9Lh5_6J1GmEw/about,Design Figma,add email here
37500,Unleashed Design,https://www.youtube.com/channel/UCh7ph-dzLSkixX2KUUM-Zyw/about,Design Figma,add email here
74900,DAS - DESIGN ANTHROPOLOGY SCHOOL,https://www.youtube.com/channel/UC-O4ib0-28_P5loJHoIdiSg/about,Design Figma,add email here
9830,Taras Shypka,https://www.youtube.com/channel/UCx5YlwUIiwtMWXQIgjStIhQ/about,Design Figma,add email here
26400,Pierluigi Giglio,https://www.youtube.com/channel/UCgOoP5NSZ1HA5dgJg2I8k0A/about,Design Figma,add email here
21600,Dev And Design,https://www.youtube.com/channel/UCETwb_AzizmhID0RjKULnBA/about,Design Figma,add email here
79900,BRECCIA,https://www.youtube.com/channel/UC8yOoFdxxhUXmgYtyXpbr3Q/about,Design Figma,add email here
11400,Jake Pomper Design,https://www.youtube.com/channel/UCGkVbFm5uQraa5moIi9FP9w/about,Design Figma,add email here
36100,Timothy Ricks,https://www.youtube.com/channel/UCv7GaKrmF2BBLN1dSrNFwHQ/about,Design Figma,add email here
14800,Shmelt studios ,https://www.youtube.com/channel/UCEwVnWFwrMy6RBVAAdTgaBQ/about,Design Figma,add email here
5520,Jeff Albuquerque,https://www.youtube.com/channel/UCp9E5XfTrJmMcWh01bs5D5Q/about,Design Figma,add email here
37000,Antony Conboy,https://www.youtube.com/channel/UCunujHJJR_W5OmDph5A3fEg/about,Design Figma,add email here
9220,giotonello,https://www.youtube.com/channel/UCNkEveFVS5QqzsxQ5Rb9-Jg/about,Design Figma,add email here
2460000,GFXMentor,https://www.youtube.com/channel/UCP3AIk974-PeB9bg1Mc7wug/about,Design Figma,add email here
55700,Webdesign em Foco,https://www.youtube.com/channel/UCL-mk7btv-dHI5hY2Tl1GHg/about,Design Figma,add email here
10000,Headway,https://www.youtube.com/channel/UCw3lZnAWGYEPnPYK4d2_WhQ/about,Design Figma,add email here
13900,Salomon Sanchez,https://www.youtube.com/channel/UCwvcGseAVS3baj4vzk65gAw/about,Design Figma,add email here
70400,Payton Clark Smith,https://www.youtube.com/channel/UCbHP6VGz859AqUebR1B_WLw/about,Design Figma,add email here
6110,SkillCharged,https://www.youtube.com/channel/UCys0UIcmXa0LVtMA4j13lZA/about,Design Figma,add email here"Subscribers,Name,Link,Domain,Email
7890,Faizur Rehman,https://www.youtube.com/channel/UCQR7vuOpqGq1MmY4HHvlTyw/about,Design Figma,add email here
49600,designmodo,https://www.youtube.com/channel/UCLOJhs8F2y2iYthajewsE3w/about,Design Figma,add email here
7220,·ûÑ·û∂·ûô·ûÑ·û∂·ûô and Creative Design,https://www.youtube.com/channel/UCnqvvXJia67ZuFZ9DpdK_cw/about,Design Figma,add email here
6210,Desygner - Design your awesome,https://www.youtube.com/channel/UCqIRwEE0fk5L1BDNauWfooQ/about,Design Figma,add email here
55600,Max Shirko / Design Inspiration,https://www.youtube.com/channel/UCPHXJq2dD0EdJk9rJJn_HGA/about,Design Figma,add email here
49900,Cricket Design,https://www.youtube.com/channel/UCjn25LugpgAZBvzf1s--22g/about,Design Figma,add email here
306000,Shantanu Kumar,https://www.youtube.com/channel/UCwADKD62xOgWPxoe68rzMVA/about,Design Figma,add email here
7800,Design The Scenes,https://www.youtube.com/channel/UCbXilKQyi7EsDpMpgob3-DA/about,Design Figma,add email here
6710,Christopher Deane,https://www.youtube.com/channel/UCRfTv-QsCHhx-S8kcOgO2dg/about,Design Figma,add email here
878000,developedbyed,https://www.youtube.com/channel/UClb90NQQcskPUGDIXsQEz5Q/about,Design Figma,add email here
17200,XUYU Design Tutorials,https://www.youtube.com/channel/UCGTVXvOaLUH2hWVa62YLnLw/about,Design Figma,add email here
16500,Made With Matt,https://www.youtube.com/channel/UCHgS0H3T3459H1e9QWK_Ezg/about,Design Figma,add email here"Subscribers,Name,Link,Domain,Email
5370,Theuichamp,https://www.youtube.com/channel/UC45A-BxWO-o-8aUfNfu9XRA/about,Design Figma,add email here
179000,Rachel How,https://www.youtube.com/channel/UCK8YMJaS_ITUED3vwpADSgg/about,Design Figma,add email here
27500,–í–∏–∫—Ç–æ—Ä –¢–µ–ø–ª–æ–≤,https://www.youtube.com/channel/UCA47ePvxvwxwYZBEbfeJSIA/about,Design Figma,add email here
19200,Arttutor,https://www.youtube.com/channel/UCDjyEn1tTPzRYhuBR9nA7Kw/about,Design Figma,add email here
12800,WIX Studio TV | With Brandon Groce,https://www.youtube.com/channel/UC1GGtxIpAUGeLho9Jy4HJEg/about,Design Figma,add email here
130000,shruti rajput,https://www.youtube.com/channel/UC8T8KJwCworH4Hpr5YjEzZA/about,Design Figma,add email here
6090,Ahmed Qayyum,https://www.youtube.com/channel/UCwzv2JLYmmh1MxGD_wRV4xQ/about,Design Figma,add email here
29100,–¢–æ–Ω–∏ –ï–º–µ–ª—å—è–Ω–æ–≤ | –ü—Ä–æ–¥—É–∫—Ç–æ–≤—ã–π –¥–∏–∑–∞–π–Ω–µ—Ä (UX UI),https://www.youtube.com/channel/UCPFY-FRUaqS1K2A8DTnGXOA/about,Design Figma,add email here
13500,UX&D,https://www.youtube.com/channel/UCAnsdWIAgyYxPtPi1lTFg4g/about,Design Figma,add email here
10800,Kevin Geary,https://www.youtube.com/channel/UC4KXtFds_3R7xwGV79rZysg/about,Design Figma,add email here
11500,Dennis Cortes,https://www.youtube.com/channel/UClb_E9xtNgWHF2lcTqF2KAw/about,Design Figma,add email here
9630,Hossein Mahmoodi - ÿ¢ŸÖŸàÿ≤ÿ¥ ÿ∑ÿ±ÿßÿ≠€å Ÿà ÿØ€åÿ≤ÿß€åŸÜ,https://www.youtube.com/channel/UCWHEjv-OmN2J6mkAJ051OJg/about,Design Figma,add email here
5850,Gemma Helyer,https://www.youtube.com/channel/UCe02qmCAoHPRaHbLh8iP5wA/about,Design Figma,add email here
5780,LG Design UX UI,https://www.youtube.com/channel/UC49vld2nRDCkrrkaf3beS-w/about,Design Figma,add email here"Subscribers,Name,Link,Domain,Email
50400,Andres The Designer,https://www.youtube.com/channel/UCMf4Y6-9iEsAhxPp_UFz4Yw/about,Design Figma,add email here
5970,Dquote,https://www.youtube.com/channel/UC1aFLX4k3dJQduUP5wkOg-A/about,Design Figma,add email here
6130,Ari Pxl,https://www.youtube.com/channel/UCN_W7nXN89m874fhE6VZ2aw/about,Design Figma,add email here
100000,Sheryians Coding School,https://www.youtube.com/channel/UCc7gpqMnnOSbU_F2-5MVVZw/about,Design Figma,add email here
1180000,Satori Graphics,https://www.youtube.com/channel/UCoeJKtPJLoIBqWq4o8TDLpA/about,Design Figma,add email here
26200,Learn UX,https://www.youtube.com/channel/UCIiougY7XtqrC-40kjncEeQ/about,Design Figma,add email here
123000,Hablu Programmer,https://www.youtube.com/channel/UCpGQisjfG8w-E21cG4ScEOA/about,Design Figma,add email here
15700,üá∫üá¶ Marus Design: –í–µ–±-–¥–∏–∑–∞–π–Ω —ñ —Ñ—Ä—ñ–ª–∞–Ω—Å ,https://www.youtube.com/channel/UCUBuqRzdHsiuS6dl1CIyU2w/about,Design Figma,add email here
386000,Brandon Shepherd,https://www.youtube.com/channel/UCI4kahy_vOpM6yvykXCcpOA/about,Design Figma,add email here
8540,Ami Design TV,https://www.youtube.com/channel/UCiHk_Hsth1basT5Wxf9jDsg/about,Design Figma,add email here
6810,Zeplin,https://www.youtube.com/channel/UCM2z6CHM4wvmlB9qo_dq0dg/about,Design Figma,add email here
29900,CJ Gammon,https://www.youtube.com/channel/UCFbkyvvsEQn7AmQO6_G5J-A/about,Design Figma,add email here
851000,Dansky,https://www.youtube.com/channel/UCAbq1eKey19tt-FfaIO1RMA/about,Design Figma,add email here
14400,Megan Weeks,https://www.youtube.com/channel/UCbqI7nna_gRXqBOdhLpHCUw/about,Design Figma,add email here
4720000,PiXimperfect,https://www.youtube.com/channel/UCMrvLMUITAImCHMOhX88PYQ/about,Design Figma,add email here"Subscribers,Name,Link,Domain,Email
6290,Kim Alban,https://www.youtube.com/channel/UCqcdOkpI-lhDeT-dWjh1iag/about,Design Figma,add email here
423000,School of Motion,https://www.youtube.com/channel/UCAhdxqdrDN3gWJkaUFl9G-Q/about,Design Figma,add email here
9780,Chirag Goel,https://www.youtube.com/channel/UCWNbAoAPgut19Gv_xsRqEug/about,Design Figma,add email here
17200,Valeriya Desire,https://www.youtube.com/channel/UCLVT6f7-BX6_nuBo-LT47vg/about,Design Figma,add email here
113000,GUVI,https://www.youtube.com/channel/UCduIoIMfD8tT3KoU0-zBRgQ/about,Design Figma,add email here
800000,Nour Homsi,https://www.youtube.com/channel/UCLcFW31aAxyqsDxtALNnVTw/about,Design Figma,add email here
14600,KumarJi Designer,https://www.youtube.com/channel/UC3QmwV55U5H7NOxAD3bD7ww/about,Design Figma,add email here
75300,–û—Ç 0 –¥–æ 1,https://www.youtube.com/channel/UCE_w6FxGfRKH2fU76raVeog/about,Design Figma,add email here
1080000,mostafa makram TV,https://www.youtube.com/channel/UCRuf3R3TBHYcnnYIPvuwQmQ/about,Design Figma,add email here
271000,Guillot Dise√±a Tutoriales,https://www.youtube.com/channel/UC-w4YfA9X8B2P7Y7S6wveZg/about,Design Figma,add email here
113000,Apple Graphic Studio,https://www.youtube.com/channel/UCbiGjv3ziwc397lVEMIvSYA/about,Design Figma,add email here
88200,Oliur Online,https://www.youtube.com/channel/UCKvaSxHH11xccltyc8IFXjA/about,Design Figma,add email here
16800,Joy Shaheb,https://www.youtube.com/channel/UCHG7IJuST_BXJkne-0u0Xtw/about,Design Figma,add email here"Subscribers,Name,Link,Domain,Email
31900,Mr.ƒê·∫°i.GraphicDesigner,https://www.youtube.com/channel/UC33FgdlGezaCRIPvEe3hSVw/about,Design Figma,add email here
72700,Stevdza-San,https://www.youtube.com/channel/UCYLAirIEMMXtWOECuZAtjqQ/about,Design Figma,add email here
275000,Yahoo Baba,https://www.youtube.com/channel/UCuT0rj__qEq_ZO3kYwun4Qg/about,Design Figma,add email here
5850,Sam Harrison,https://www.youtube.com/channel/UCS-Ag66_hBd6mXjLeKId3Kg/about,Design Figma,add email here
317000,–§—Ä—ñ–ª–∞–Ω—Å–µ—Ä –ø–æ –∂–∏—Ç—Ç—é,https://www.youtube.com/channel/UCedskVwIKiZJsO8XdJdLKnA/about,Design Figma,add email here
21900,Frontend Masters,https://www.youtube.com/channel/UCzumJvwc0KBrdq4jpvOR7RA/about,Design Figma,add email here
147000,Glo Academy,https://www.youtube.com/channel/UCVswRUcKC-M35RzgPRv8qUg/about,Design Figma,add email here